model,gene_symbol,std_smiles,target_chembl_id,standard_type,y_true,y_pred,abs_error,is_noisy,pactivity_std,n_measurements
random_forest,JAK1,CN1CCN(c2ncc(-c3cnc4[nH]ccc4n3)c(N[C@H]3CCCN(S(C)(=O)=O)C3)n2)CC1,CHEMBL2835,IC50,6.723538195826755,10.065109024380789,3.3415708285540333,False,0.0,1
random_forest,JAK1,CNc1cc(Nc2cccnc2OC)nc2c(C(=O)NCC3(CO)CC3)cnn12,CHEMBL2835,Kd,5.301029995663981,8.52367225411475,3.222642258450769,False,0.0,1
random_forest,JAK1,CC[C@H](CO)Nc1ncc(-c2cnc3[nH]ccc3n2)c(N[C@H]2CCCN(S(C)(=O)=O)C2)n1,CHEMBL2835,IC50,6.542118103266008,9.72301093484814,3.180892831582133,False,0.0,1
random_forest,JAK1,COC[C@H](C(=O)Nc1cccc2c(-c3nc(Nc4cccc(S(C)(=O)=O)c4F)ncc3F)c[nH]c12)N1CCN(C)CC1,CHEMBL2835,IC50,9.267606240177031,6.1582599038078625,3.1093463363691685,False,0.0,1
random_forest,JAK3,C=CC(=O)Nc1nc2cnc3[nH]ccc3c2n1C,CHEMBL2148,IC50,8.610924374808178,5.545464012221368,3.06546036258681,False,0.12451532338594933,2
random_forest,JAK1,CN(c1ncnc2[nH]ccc12)[C@H]1CC[C@H](CS(=O)(=O)N2CCC[C@@H](OC(=O)C(C)(C)C)C2)CC1,CHEMBL2835,IC50,10.643974142806877,7.660665883077096,2.9833082597297818,False,0.0,1
random_forest,JAK1,CS(=O)(=O)N1CCC[C@H](Nc2nc(N3CCOCC3)ncc2-c2cnc3[nH]ccc3n2)C1,CHEMBL2835,IC50,6.636388020107855,9.607163521448667,2.970775501340812,False,0.0,1
random_forest,JAK3,C=CC(=O)N1CCC(Oc2cc(-c3cc(F)c(O)cc3CC)cn3cncc23)C(F)(F)C1,CHEMBL2148,Ki,5.0,7.893417089911353,2.8934170899113534,False,0.0,1
random_forest,JAK2,C[C@@H](NC(=O)c1ccc(N(C)[C@@H]2CCN(c3ncnc4[nH]ccc34)C2)nc1)c1ccccc1,CHEMBL2971,IC50,6.259637310505756,9.12483814020059,2.8652008296948335,False,0.0,1
random_forest,JAK3,C=CC(=O)Nc1cccc(Oc2nc(Nc3ccc(N4CCN(C)CC4)nc3)nc3[nH]ccc23)c1,CHEMBL2148,IC50,10.437707135543526,7.606894515985691,2.830812619557835,False,0.0,1
random_forest,JAK2,Cc1c(-c2c(Cl)cc(C(N)=O)c3[nH]c4c(c23)CC[C@H](C(C)(C)O)C4)cccc1-n1c(=O)[nH]c2c(F)cccc2c1=O,CHEMBL2971,IC50,5.045757490560675,7.785570095053664,2.7398126044929896,False,0.0,4
random_forest,JAK1,CC(O)CCS(=O)(=O)C[C@H]1C[C@@H](N(C)c2ncnc3[nH]ccc23)C1,CHEMBL2835,IC50,10.508638306165727,7.783334599347694,2.725303706818033,False,0.0,1
random_forest,JAK3,CCOc1cc2ncnc(Nc3ccc(OCc4cccc(F)c4)c(Cl)c3)c2cc1NC(=O)/C=C/CN1CCCC1,CHEMBL2148,IC50,5.1904402853647325,7.7414330064940415,2.550992721129309,False,0.0,1
random_forest,TYK2,CCCCN(c1ccccc1CN(C)c1nc(-c2cc(F)c(O)cc2CC)cc2[nH]ncc12)S(C)(=O)=O,CHEMBL3553,IC50,5.150642018338701,7.662068782985583,2.511426764646882,False,0.0,2
random_forest,TYK2,CC1(C)C(O)CCN1c1ccn(-c2cc(-c3c(F)cccc3C#N)nc3c2C(=O)NC3)n1,CHEMBL3553,Ki,10.301029995663981,7.789834304349712,2.5111956913142697,False,0.0,2
random_forest,JAK1,N#CC[C@H]1CC[C@H](n2c(CC(=O)N3CC(O)C3)nc3cnc4[nH]ccc4c32)CC1,CHEMBL2835,IC50,10.0,7.594315028633587,2.405684971366413,False,0.0,1
random_forest,JAK2,N#CCCn1cc(-c2nc(Nc3ccc(NC(=O)CCCCCCC(=O)NO)cc3)nc3[nH]ccc23)cn1,CHEMBL2971,IC50,10.397940008672037,8.044828788517098,2.35311122015494,False,0.0,1
random_forest,JAK3,CNC(=O)c1nnc(NC(=O)N2CCC2)cc1Nc1cccc(-c2ncn(C)n2)c1OC,CHEMBL2148,Kd,5.431798275933005,7.784215171955901,2.3524168960228957,False,0.0,1
random_forest,TYK2,CO[C@H]1CCN(c2ccn(-c3cc(-c4c(F)cccc4C#N)nc4c3C(=O)NC4)n2)C[C@@]1(C)O,CHEMBL3553,Ki,10.301029995663981,7.961709028808848,2.3393209668551336,False,0.0,2
random_forest,JAK2,CC(=O)NCCCN1CCC(N/C=C(/NC(=O)/C(C(=N)N)=C2\N=CC=CN2)C(=N)c2cc(Cl)ccc2OC(F)F)CC1,CHEMBL2971,Ki,9.769551078621726,7.448330771511067,2.321220307110659,False,0.0,1
xgboost,JAK1,CNc1cc(Nc2cccnc2OC)nc2c(C(=O)NCC3(CO)CC3)cnn12,CHEMBL2835,Kd,5.301029995663981,8.688220977783203,3.387190982119222,False,0.0,1
xgboost,JAK1,CC(O)CCS(=O)(=O)C[C@H]1C[C@@H](N(C)c2ncnc3[nH]ccc23)C1,CHEMBL2835,IC50,10.508638306165727,7.135523319244385,3.373114986921342,False,0.0,1
xgboost,JAK2,C[C@@H](NC(=O)c1ccc(N(C)[C@@H]2CCN(c3ncnc4[nH]ccc34)C2)nc1)c1ccccc1,CHEMBL2971,IC50,6.259637310505756,9.600954055786133,3.341316745280377,False,0.0,1
xgboost,JAK3,C=CC(=O)Nc1cccc(Oc2nc(Nc3ccc(N4CCN(C)CC4)nc3)nc3[nH]ccc23)c1,CHEMBL2148,IC50,10.437707135543526,7.166895866394043,3.2708112691494833,False,0.0,1
xgboost,JAK1,CS(=O)(=O)N1CCC[C@H](Nc2nc(N3CCOCC3)ncc2-c2cnc3[nH]ccc3n2)C1,CHEMBL2835,IC50,6.636388020107855,9.897074699401855,3.2606866792940004,False,0.0,1
xgboost,JAK1,CN1CCN(c2ncc(-c3cnc4[nH]ccc4n3)c(N[C@H]3CCCN(S(C)(=O)=O)C3)n2)CC1,CHEMBL2835,IC50,6.723538195826755,9.868701934814453,3.145163738987698,False,0.0,1
xgboost,JAK1,CN(c1ncnc2[nH]ccc12)[C@H]1CC[C@H](CS(=O)(=O)N2CCC[C@@H](OC(=O)C(C)(C)C)C2)CC1,CHEMBL2835,IC50,10.643974142806877,7.565075397491455,3.0788987453154224,False,0.0,1
xgboost,JAK1,CC[C@H](CO)Nc1ncc(-c2cnc3[nH]ccc3n2)c(N[C@H]2CCCN(S(C)(=O)=O)C2)n1,CHEMBL2835,IC50,6.542118103266008,9.56387996673584,3.021761863469832,False,0.0,1
xgboost,JAK1,CN(c1ncnc2[nH]ccc12)[C@H]1CC[C@H](CS(=O)(=O)N2CCC[C@@H](OP(=O)(O)O)C2)CC1,CHEMBL2835,IC50,10.580044251510243,7.589341163635254,2.990703087874989,False,0.0,1
xgboost,JAK2,Cc1c(-c2c(Cl)cc(C(N)=O)c3[nH]c4c(c23)CC[C@H](C(C)(C)O)C4)cccc1-n1c(=O)[nH]c2c(F)cccc2c1=O,CHEMBL2971,IC50,5.045757490560675,7.963222980499268,2.917465489938593,False,0.0,4
xgboost,JAK1,COC[C@H](C(=O)Nc1cccc2c(-c3nc(Nc4cccc(S(C)(=O)=O)c4F)ncc3F)c[nH]c12)N1CCN(C)CC1,CHEMBL2835,IC50,9.267606240177031,6.37552547454834,2.892080765628691,False,0.0,1
xgboost,JAK3,C=CC(=O)Nc1cccc(Oc2nc(Nc3ccc(N4CCN(C)CC4)c(F)c3)nc3[nH]ccc23)c1,CHEMBL2148,IC50,10.040481623027002,7.223837375640869,2.816644247386133,False,0.0,1
xgboost,JAK2,N#CCCn1cc(-c2nc(Nc3ccc(NC(=O)CCCCCCC(=O)NO)cc3)nc3[nH]ccc23)cn1,CHEMBL2971,IC50,10.397940008672037,7.619922637939453,2.7780173707325844,False,0.0,1
xgboost,JAK2,COc1c(-c2ncn(C)n2)ccnc1Nc1cc(NC(=O)C2CC2)ncc1C(=O)C1CC1,CHEMBL2971,Kd,5.259637310505756,7.940995216369629,2.681357905863873,False,0.0,1
xgboost,JAK1,N#CCC1(n2cc(C(N)=O)c(Nc3ccc(-c4cn[nH]c4)nc3)n2)CCN(C(=O)OCC(F)(F)F)CC1,CHEMBL2835,IC50,11.0,8.326786994934082,2.673213005065918,False,0.0,1
xgboost,JAK3,CCOc1cc2ncnc(Nc3ccc4c(cnn4Cc4ccccc4)c3)c2cc1NC(=O)/C=C/CN1C[C@@H](C)N[C@@H](C)C1,CHEMBL2148,IC50,5.158640529545146,7.764842510223389,2.606201980678243,False,0.0,1
xgboost,JAK2,CCCCCC(CC#N)n1cc(-c2ncnc3[nH]ccc23)cn1,CHEMBL2971,IC50,9.537602002101044,6.949872970581055,2.5877290315199897,False,0.4671694631831809,6
xgboost,JAK1,CCc1cc(O)ccc1-c1cc2[nH]ncc2c(NCc2ccccc2N(C)SC)n1,CHEMBL2835,IC50,9.698970004336019,7.115364074707031,2.5836059296289875,False,0.0,1
xgboost,JAK3,C=CC(=O)N1CCC(Oc2cc(-c3cc(F)c(O)cc3CC)cn3cncc23)C(F)(F)C1,CHEMBL2148,Ki,5.0,7.559977054595947,2.5599770545959473,False,0.0,1
xgboost,JAK2,COc1cc2sccc2cc1-c1[nH]ncc1NC(=O)c1cnn2cccnc12,CHEMBL2971,Ki,9.721246399047171,7.197250843048096,2.5239955559990754,False,0.0,1
elasticnet,JAK1,N#CCC1(n2cc(C(N)=O)c(Nc3ccc(-c4cn[nH]c4)nc3)n2)CCN(C(=O)OCC(F)(F)F)CC1,CHEMBL2835,IC50,11.0,7.011075915232356,3.9889240847676444,False,0.0,1
elasticnet,JAK3,CN(C)[C@@H]1CCN(c2ncc(-c3cnc4[nH]ccc4n3)c(N[C@H]3CCCN(S(C)(=O)=O)C3)n2)C1,CHEMBL2148,Ki,10.966174306046689,7.011075915232356,3.9550983908143333,False,0.0,1
elasticnet,JAK3,CC[C@@H](CO)Nc1ncc(-c2cnc3[nH]ccc3n2)c(N[C@H]2CCCN(S(C)(=O)=O)C2)n1,CHEMBL2148,IC50,10.96018944585165,7.011075915232356,3.949113530619295,False,0.0,1
elasticnet,JAK3,CS(=O)(=O)N1CCC[C@H](Nc2nc(N3CCC(CC(=O)O)CC3)ncc2-c2cnc3[nH]ccc3n2)C1,CHEMBL2148,Ki,10.93292914395463,7.011075915232356,3.9218532287222736,False,0.0,1
elasticnet,JAK1,COc1cc(S(=O)(=O)C[C@H]2C[C@@H](N(C)c3ncnc4[nH]ccc34)C2)cnc1OC,CHEMBL2835,IC50,10.920818753952375,7.011075915232356,3.9097428387200193,False,0.0,1
elasticnet,JAK3,CN(C)C1CCN(c2ncc(-c3cnc4[nH]ccc4n3)c(N[C@H]3CCCN(S(C)(=O)=O)C3)n2)CC1,CHEMBL2148,Ki,10.88907375773358,7.011075915232356,3.877997842501225,False,0.0,1
elasticnet,JAK3,C=C(F)C(=O)Nc1cc(-c2ncnc3[nH]cc(C(=O)OCC)c23)ccc1F,CHEMBL2148,IC50,10.886056647693163,7.011075915232356,3.8749807324608074,False,0.0,1
elasticnet,JAK1,CN(c1ncnc2[nH]ccc12)[C@H]1C[C@@H](CS(=O)(=O)c2ccccc2Cl)C1,CHEMBL2835,IC50,10.853871964321762,7.011075915232356,3.842796049089406,False,0.0,1
elasticnet,JAK1,COc1ccc(S(=O)(=O)C[C@H]2C[C@@H](N(C)c3ncnc4[nH]ccc34)C2)cc1,CHEMBL2835,IC50,10.823908740944319,7.011075915232356,3.812832825711963,False,0.0,1
elasticnet,JAK3,COC1CCN(c2ncc(-c3cnc4[nH]ccc4n3)c(N[C@H]3CCCN(S(C)(=O)=O)C3)n2)CC1,CHEMBL2148,Ki,10.822752163744376,7.011075915232356,3.81167624851202,False,0.0,1
elasticnet,JAK3,CC(C)S(=O)(=O)N1C[C@@H](C)C[C@H](Nc2ncccc2-c2cnc3[nH]ccc3n2)C1,CHEMBL2148,Ki,10.81901441921327,7.011075915232356,3.807938503980914,False,0.0,1
elasticnet,JAK3,CC(C)CS(=O)(=O)N1C[C@@H](C)C[C@H](Nc2nc(N3CCN(C)CC3)ncc2-c2cnc3[nH]ccc3n2)C1,CHEMBL2148,Ki,10.787546038959725,7.011075915232356,3.7764701237273695,False,0.0,1
elasticnet,JAK2,CC(C)CS(=O)(=O)N1CCC[C@H](Nc2nc(N)ncc2-c2cnc3[nH]ccc3n2)C1,CHEMBL2971,IC50,10.707743928643524,7.011075915232356,3.696668013411168,False,0.0,1
elasticnet,JAK1,CN(c1ncnc2[nH]ccc12)[C@H]1CC[C@H](CS(=O)(=O)N2CCC[C@@H](OC(=O)C(C)(C)C)C2)CC1,CHEMBL2835,IC50,10.643974142806877,7.011075915232356,3.632898227574522,False,0.0,1
elasticnet,JAK2,CC(=O)N1CCC[C@@H](Nc2ncccc2-c2cnc3[nH]ccc3n2)C1,CHEMBL2971,IC50,10.642065152999546,7.011075915232356,3.6309892377671904,False,0.0,1
elasticnet,JAK3,C=C(CF)C(=O)Nc1cccc(-c2ncnc3[nH]cc(C(=O)OCC)c23)c1,CHEMBL2148,IC50,10.619788758288394,7.011075915232356,3.608712843056038,False,0.0,1
elasticnet,JAK3,CCN1CCN(c2ncc(-c3cnc4[nH]ccc4n3)c(N[C@H]3CCCN(S(C)(=O)=O)C3)n2)CC1,CHEMBL2148,Ki,10.614930223668065,7.011075915232356,3.603854308435709,False,0.0,1
elasticnet,JAK3,CS(=O)(=O)N1CCC[C@H](Nc2nc(N3CCS(=O)(=O)CC3)ncc2-c2cnc3[nH]ccc3n2)C1,CHEMBL2148,Ki,10.603626272463494,7.011075915232356,3.592550357231138,False,0.0,1
elasticnet,JAK3,CN(C)C1CCN(c2ncc(-c3cnc4[nH]ccc4n3)c(N[C@H]3CCCN(S(C)(=O)=O)C3)n2)CC1,CHEMBL2148,IC50,10.5880437620696,7.011075915232356,3.5769678468372437,False,0.0,1
elasticnet,JAK1,CN(c1ncnc2[nH]ccc12)[C@H]1CC[C@H](CS(=O)(=O)N2CCC[C@@H](OP(=O)(O)O)C2)CC1,CHEMBL2835,IC50,10.580044251510243,7.011075915232356,3.5689683362778872,False,0.0,1
mlp,JAK1,COC[C@H](C(=O)Nc1cccc2c(-c3nc(Nc4cccc(S(C)(=O)=O)c4F)ncc3F)c[nH]c12)N1CCN(C)CC1,CHEMBL2835,IC50,9.267606240177031,5.533675446516206,3.733930793660825,False,0.0,1
mlp,JAK2,CC(=O)NCCCN1CCC(N/C=C(/NC(=O)/C(C(=N)N)=C2\N=CC=CN2)C(=N)c2cc(Cl)ccc2OC(F)F)CC1,CHEMBL2971,Ki,9.769551078621726,6.153977091779897,3.615573986841829,False,0.0,1
mlp,JAK1,CNc1cc(Nc2cccnc2OC)nc2c(C(=O)NCC3(CO)CC3)cnn12,CHEMBL2835,Kd,5.301029995663981,8.875212493959511,3.5741824982955297,False,0.0,1
mlp,JAK2,C[C@@H](NC(=O)c1ccc(N(C)[C@@H]2CCN(c3ncnc4[nH]ccc34)C2)nc1)c1ccccc1,CHEMBL2971,IC50,6.259637310505756,9.796363091773992,3.5367257812682364,False,0.0,1
mlp,JAK1,CN1CCN(c2ncc(-c3cnc4[nH]ccc4n3)c(N[C@H]3CCCN(S(C)(=O)=O)C3)n2)CC1,CHEMBL2835,IC50,6.723538195826755,10.128012872442275,3.4044746766155196,False,0.0,1
mlp,JAK3,C=CC(=O)Nc1cccc(Oc2nc(Nc3ccc(N4CCN(C)CC4)nc3)nc3[nH]ccc23)c1,CHEMBL2148,IC50,10.437707135543526,7.107192646151976,3.3305144893915504,False,0.0,1
mlp,JAK1,CC[C@H](CO)Nc1ncc(-c2cnc3[nH]ccc3n2)c(N[C@H]2CCCN(S(C)(=O)=O)C2)n1,CHEMBL2835,IC50,6.542118103266008,9.768182579204494,3.226064475938486,False,0.0,1
mlp,JAK3,C=CC(=O)Nc1nc2cnc3[nH]ccc3c2n1C,CHEMBL2148,IC50,8.610924374808178,5.4145620148442815,3.1963623599638966,False,0.12451532338594933,2
mlp,JAK2,Cc1c(-c2c(Cl)cc(C(N)=O)c3[nH]c4c(c23)CC[C@H](C(C)(C)O)C4)cccc1-n1c(=O)[nH]c2c(F)cccc2c1=O,CHEMBL2971,IC50,5.045757490560675,8.228534545986172,3.182777055425497,False,0.0,4
mlp,TYK2,CNc1cc(Nc2cccn(-c3ccccn3)c2=O)nc2c(C(=O)N[C@H]3CC[C@@H]3OC)cnn12,CHEMBL3553,IC50,8.47173813796045,5.467862790001174,3.0038753479592764,False,0.42117109973339023,2
mlp,JAK1,CC(=O)NCCCN1CCC(N/C=C(/NC(=O)/C(C(=N)N)=C2\N=CC=CN2)C(=N)c2cc(Cl)ccc2OC(F)F)CC1,CHEMBL2835,Ki,9.136677139879545,6.153977091779897,2.982700048099648,False,0.0,1
mlp,JAK2,COc1c(-c2ncn(C)n2)ccnc1Nc1cc(NC(=O)C2CC2)ncc1C(=O)C1CC1,CHEMBL2971,Kd,5.259637310505756,8.180453611955246,2.9208163014494897,False,0.0,1
mlp,JAK1,CN(c1ncnc2[nH]ccc12)[C@H]1CC[C@H](CS(=O)(=O)N2CCC[C@@H](OC(=O)C(C)(C)C)C2)CC1,CHEMBL2835,IC50,10.643974142806877,7.724594197411733,2.9193799453951446,False,0.0,1
mlp,JAK1,CS(=O)(=O)N1CCC[C@H](Nc2nc(N3CCOCC3)ncc2-c2cnc3[nH]ccc3n2)C1,CHEMBL2835,IC50,6.636388020107855,9.449953656351644,2.813565636243789,False,0.0,1
mlp,JAK3,C=CC(=O)N1CCC(Oc2cc(-c3cc(F)c(O)cc3CC)cn3cncc23)C(F)(F)C1,CHEMBL2148,Ki,5.0,7.750389914456631,2.7503899144566306,False,0.0,1
mlp,JAK2,Cc1c(-c2c(Cl)cc(C(N)=O)c3[nH]c4cc(C(C)(C)O)ccc4c23)cccc1-n1c(=O)ccn(-c2ccc(F)cc2)c1=O,CHEMBL2971,IC50,6.050637409205253,8.77920032778912,2.728562918583867,False,0.3270314544457155,8
mlp,JAK3,CNC(=O)c1nnc(NC(=O)N2CCC2)cc1Nc1cccc(-c2ncn(C)n2)c1OC,CHEMBL2148,Kd,5.431798275933005,8.116773119119834,2.684974843186829,False,0.0,1
mlp,JAK3,CCOc1cc2ncnc(Nc3ccc4c(cnn4Cc4ccccc4)c3)c2cc1NC(=O)/C=C/CN1C[C@@H](C)N[C@@H](C)C1,CHEMBL2148,IC50,5.158640529545146,7.813685672643952,2.655045143098806,False,0.0,1
mlp,JAK1,C[C@H](C(=O)Nc1cccc2c(-c3nc(Nc4cccc(S(C)(=O)=O)c4F)ncc3Cl)c[nH]c12)N1CCN(C)CC1,CHEMBL2835,IC50,8.292429823902063,5.648463945925509,2.6439658779765542,False,0.0,1
mlp,TYK2,CC(C)c1nc(Nc2ccc(C(=O)O)cc2)c2c(=O)[nH]ccc2n1,CHEMBL3553,Ki,8.481486060122112,5.917336719103592,2.5641493410185197,False,0.0,1
esm_fp_mlp,JAK3,C=CC(=O)Nc1cccc(Oc2nc(Nc3ccc(N4CCN(C)CC4)nc3)nc3[nH]ccc23)c1,CHEMBL2148,IC50,10.43770694732666,6.650671005249023,3.7870359420776367,False,0.0,1
esm_fp_mlp,JAK3,C=CC(=O)N1CCC(Oc2cc(-c3cc(F)c(O)cc3CC)cn3cncc23)C(F)(F)C1,CHEMBL2148,Ki,5.0,8.68488883972168,3.6848888397216797,False,0.0,1
esm_fp_mlp,JAK1,CNc1cc(Nc2cccnc2OC)nc2c(C(=O)NCC3(CO)CC3)cnn12,CHEMBL2835,Kd,5.301030158996582,8.471393585205078,3.170363426208496,False,0.0,1
esm_fp_mlp,JAK3,C=CC(=O)Nc1cccc(Oc2nc(Nc3ccc(N4CCN(C)CC4)c(F)c3)nc3[nH]ccc23)c1,CHEMBL2148,IC50,10.040481567382812,6.951177597045898,3.089303970336914,False,0.0,1
esm_fp_mlp,JAK2,C[C@@H](NC(=O)c1ccc(N(C)[C@@H]2CCN(c3ncnc4[nH]ccc34)C2)nc1)c1ccccc1,CHEMBL2971,IC50,6.259637355804443,9.304061889648438,3.044424533843994,False,0.0,1
esm_fp_mlp,JAK2,CC(=O)NCCCN1CCC(N/C=C(/NC(=O)/C(C(=N)N)=C2\N=CC=CN2)C(=N)c2cc(Cl)ccc2OC(F)F)CC1,CHEMBL2971,Ki,9.769551277160645,6.803291320800781,2.9662599563598633,False,0.0,1
esm_fp_mlp,JAK1,COC[C@H](C(=O)Nc1cccc2c(-c3nc(Nc4cccc(S(C)(=O)=O)c4F)ncc3F)c[nH]c12)N1CCN(C)CC1,CHEMBL2835,IC50,9.267605781555176,6.338349342346191,2.9292564392089844,False,0.0,1
esm_fp_mlp,JAK2,Cc1c(-c2c(Cl)cc(C(N)=O)c3[nH]c4c(c23)CC[C@H](C(C)(C)O)C4)cccc1-n1c(=O)[nH]c2c(F)cccc2c1=O,CHEMBL2971,IC50,5.045757293701172,7.932041168212891,2.8862838745117188,False,0.0,4
esm_fp_mlp,TYK2,N#Cc1ccccc1CN1CCC(Nc2c(-c3cn[nH]c3)cnc3[nH]ccc23)CC1,CHEMBL3553,IC50,8.387216567993164,5.847134113311768,2.5400824546813965,False,0.0,1
esm_fp_mlp,JAK2,C[C@@H]1C[C@H]2[C@@H]3CCC4=CC(=O)C=C[C@]4(C)[C@@]3(F)[C@@H](O)C[C@]2(C)[C@@]1(O)C(=O)COC(=O)C[C@H](N)C(=O)OCc1ccc([C@@H](CN)C(=O)Nc2ccc3cnccc3c2)cc1,CHEMBL2971,IC50,4.657163143157959,7.1314544677734375,2.4742913246154785,False,0.0,2
esm_fp_mlp,JAK3,CC1CC(C)CN(c2ccc(Nc3ncc(C(F)(F)F)c(-c4cc5ccc(C#N)cc5o4)n3)cc2)C1,CHEMBL2148,IC50,5.286173343658447,7.746191501617432,2.4600181579589844,False,0.0,1
esm_fp_mlp,JAK2,CCCCCC(CC#N)n1cc(-c2ncnc3[nH]ccc23)cn1,CHEMBL2971,IC50,9.537602424621582,7.107794761657715,2.429807662963867,False,0.4671694631831809,6
esm_fp_mlp,JAK2,Cc1c(-c2c(Cl)cc(C(N)=O)c3[nH]c4cc(C(C)(C)O)ccc4c23)cccc1-n1c(=O)ccn(-c2ccc(F)cc2)c1=O,CHEMBL2971,IC50,6.050637245178223,8.43736457824707,2.3867273330688477,False,0.3270314544457155,8
esm_fp_mlp,JAK2,CN[C@@H]1CC2OC([C@@H]1OC)n1c3ccccc3c3c4c(c5c6ccccc6n2c5c31)C(=O)NC4,CHEMBL2971,IC50,9.48369026184082,7.115163326263428,2.3685269355773926,False,0.31685922837978636,2
esm_fp_mlp,TYK2,Cc1cc(-c2cc(O)ccc2Cl)cc2nnc(Nc3ccc(OCCN4CCCC4)cc3)nc12,CHEMBL3553,Kd,9.154901504516602,6.819609642028809,2.335291862487793,False,0.0,1
esm_fp_mlp,JAK3,CCOc1cc2ncc(C#N)c(Nc3ccc(F)c(Cl)c3)c2cc1NC(=O)/C=C/CN(C)C,CHEMBL2148,Kd,7.602059841156006,5.304746150970459,2.297313690185547,False,0.0,1
esm_fp_mlp,JAK2,CCc1cc(O)c(F)cc1-c1cc(N(C)CCO)c2nc(N)ncc2c1,CHEMBL2971,IC50,7.899974346160889,5.61569881439209,2.284275531768799,False,0.0,1
esm_fp_mlp,JAK2,Cc1noc(C)c1-c1cccc(-n2ccc3cnc(Nc4ccc(N5CCN(C)CC5)cc4)nc32)c1,CHEMBL2971,IC50,8.522878646850586,6.2598066329956055,2.2630720138549805,False,0.0,2
esm_fp_mlp,JAK2,C[C@H](Oc1cc(-c2cnn(C3CCOCC3)c2)cnc1N)c1cc(F)ccc1Cl,CHEMBL2971,IC50,5.854182243347168,8.107134819030762,2.2529525756835938,False,0.0,1
esm_fp_mlp,JAK3,CN(c1ccc(S(N)(=O)=O)cn1)[C@@H]1CCN(c2ncnc3[nH]ccc23)C1,CHEMBL2148,IC50,7.063989162445068,9.310789108276367,2.246799945831299,False,0.0,3
gnn,JAK3,C=CC(=O)N1CCC(Oc2cc(-c3cc(F)c(O)cc3CC)cn3cncc23)C(F)(F)C1,CHEMBL2148,Ki,5.0,8.757341384887695,3.7573413848876953,False,0.0,1
gnn,JAK2,C[C@@H](NC(=O)c1ccc(N(C)[C@@H]2CCN(c3ncnc4[nH]ccc34)C2)nc1)c1ccccc1,CHEMBL2971,IC50,6.259637355804443,9.89205551147461,3.632418155670166,False,0.0,1
gnn,JAK1,CC[C@H](CO)Nc1ncc(-c2cnc3[nH]ccc3n2)c(N[C@H]2CCCN(S(C)(=O)=O)C2)n1,CHEMBL2835,IC50,6.542118072509766,10.012261390686035,3.4701433181762695,False,0.0,1
gnn,JAK1,CC(O)CCS(=O)(=O)C[C@H]1C[C@@H](N(C)c2ncnc3[nH]ccc23)C1,CHEMBL2835,IC50,10.508638381958008,7.170365810394287,3.3382725715637207,False,0.0,1
gnn,JAK1,CN1CCN(c2ncc(-c3cnc4[nH]ccc4n3)c(N[C@H]3CCCN(S(C)(=O)=O)C3)n2)CC1,CHEMBL2835,IC50,6.723538398742676,10.043388366699219,3.319849967956543,False,0.0,1
gnn,JAK1,CNc1cc(Nc2cccnc2OC)nc2c(C(=O)NCC3(CO)CC3)cnn12,CHEMBL2835,Kd,5.301030158996582,8.569120407104492,3.26809024810791,False,0.0,1
gnn,JAK1,COC[C@H](C(=O)Nc1cccc2c(-c3nc(Nc4cccc(S(C)(=O)=O)c4F)ncc3F)c[nH]c12)N1CCN(C)CC1,CHEMBL2835,IC50,9.267605781555176,6.236391544342041,3.0312142372131348,False,0.0,1
gnn,JAK1,CN(c1ncnc2[nH]ccc12)[C@H]1CC[C@H](CS(=O)(=O)N2CCC[C@@H](OC(=O)C(C)(C)C)C2)CC1,CHEMBL2835,IC50,10.643974304199219,7.616814613342285,3.0271596908569336,False,0.0,1
gnn,TYK2,CC(C)c1nc(Nc2ccc(C(=O)O)cc2)c2c(=O)[nH]ccc2n1,CHEMBL3553,Ki,8.481486320495605,5.602112770080566,2.879373550415039,False,0.0,1
gnn,JAK2,Cc1c(-c2c(Cl)cc(C(N)=O)c3[nH]c4c(c23)CC[C@H](C(C)(C)O)C4)cccc1-n1c(=O)[nH]c2c(F)cccc2c1=O,CHEMBL2971,IC50,5.045757293701172,7.899611473083496,2.853854179382324,False,0.0,4
gnn,JAK2,COc1ccc(-c2ccc3cnc(Nc4ccc(N5CCN(C)CC5)cc4)nn23)cn1,CHEMBL2971,IC50,9.522878646850586,6.861446380615234,2.6614322662353516,False,0.0,1
gnn,JAK1,CS(=O)(=O)N1CCC[C@H](Nc2nc(N3CCOCC3)ncc2-c2cnc3[nH]ccc3n2)C1,CHEMBL2835,IC50,6.636387825012207,9.275970458984375,2.639582633972168,False,0.0,1
gnn,TYK2,CCCCN(c1ccccc1CN(C)c1nc(-c2cc(F)c(O)cc2CC)cc2[nH]ncc12)S(C)(=O)=O,CHEMBL3553,IC50,5.150641918182373,7.765462875366211,2.614820957183838,False,0.0,2
gnn,JAK3,CCOc1cc2ncnc(Nc3ccc(OCc4cccc(F)c4)c(Cl)c3)c2cc1NC(=O)/C=C/CN1CCCC1,CHEMBL2148,IC50,5.1904401779174805,7.797357082366943,2.606916904449463,False,0.0,1
gnn,JAK3,C=CC(=O)Nc1nc2cnc3[nH]ccc3c2n1C,CHEMBL2148,IC50,8.61092472076416,6.023683071136475,2.5872416496276855,False,0.12451532338594933,2
gnn,JAK3,C=CC(=O)Nc1cccc(Oc2nc(Nc3ccc(N4CCN(C)CC4)nc3)nc3[nH]ccc23)c1,CHEMBL2148,IC50,10.43770694732666,7.853724002838135,2.5839829444885254,False,0.0,1
gnn,JAK3,CN(c1ccc(S(N)(=O)=O)cn1)[C@@H]1CCN(c2ncnc3[nH]ccc23)C1,CHEMBL2148,IC50,7.063989162445068,9.632772445678711,2.5687832832336426,False,0.0,3
gnn,TYK2,CC1(C)C(O)CCN1c1ccn(-c2cc(-c3c(F)cccc3C#N)nc3c2C(=O)NC3)n1,CHEMBL3553,Ki,10.301030158996582,7.734050750732422,2.56697940826416,False,0.0,2
gnn,JAK2,CCCCCC(CC#N)n1cc(-c2ncnc3[nH]ccc23)cn1,CHEMBL2971,IC50,9.537602424621582,6.984172821044922,2.55342960357666,False,0.4671694631831809,6
gnn,JAK2,COc1c(-c2ncn(C)n2)ccnc1Nc1cc(NC(=O)C2CC2)ncc1C(=O)C1CC1,CHEMBL2971,Kd,5.259637355804443,7.746373653411865,2.486736297607422,False,0.0,1
fusion,JAK3,C=CC(=O)N1CCC(Oc2cc(-c3cc(F)c(O)cc3CC)cn3cncc23)C(F)(F)C1,CHEMBL2148,Ki,5.0,9.4641752243042,4.464175224304199,False,0.0,1
fusion,JAK1,CNc1cc(Nc2cccnc2OC)nc2c(C(=O)NCC3(CO)CC3)cnn12,CHEMBL2835,Kd,5.301030158996582,8.829965591430664,3.528935432434082,False,0.0,1
fusion,JAK2,C[C@@H](NC(=O)c1ccc(N(C)[C@@H]2CCN(c3ncnc4[nH]ccc34)C2)nc1)c1ccccc1,CHEMBL2971,IC50,6.259637355804443,9.350896835327148,3.091259479522705,False,0.0,1
fusion,JAK1,CC[C@H](CO)Nc1ncc(-c2cnc3[nH]ccc3n2)c(N[C@H]2CCCN(S(C)(=O)=O)C2)n1,CHEMBL2835,IC50,6.542118072509766,9.580121994018555,3.038003921508789,False,0.0,1
fusion,JAK3,CNC(=O)c1nnc(NC(=O)N2CCC2)cc1Nc1cccc(-c2ncn(C)n2)c1OC,CHEMBL2148,Kd,5.431798458099365,8.311251640319824,2.879453182220459,False,0.0,1
fusion,JAK2,Cc1c(-c2c(Cl)cc(C(N)=O)c3[nH]c4c(c23)CC[C@H](C(C)(C)O)C4)cccc1-n1c(=O)[nH]c2c(F)cccc2c1=O,CHEMBL2971,IC50,5.045757293701172,7.857141494750977,2.8113842010498047,False,0.0,4
fusion,JAK3,CN(c1ccc(S(N)(=O)=O)cn1)[C@@H]1CCN(c2ncnc3[nH]ccc23)C1,CHEMBL2148,IC50,7.063989162445068,9.543844223022461,2.4798550605773926,False,0.0,3
fusion,JAK1,CN1CCN(c2ncc(-c3cnc4[nH]ccc4n3)c(N[C@H]3CCCN(S(C)(=O)=O)C3)n2)CC1,CHEMBL2835,IC50,6.723538398742676,9.16607666015625,2.442538261413574,False,0.0,1
fusion,JAK1,COc1nn(C)cc1Nc1ncc(C)c(-c2c[nH]c3c(C(=O)Nc4ccc(C)nc4C)cccc23)n1,CHEMBL2835,IC50,6.585026741027832,8.990596771240234,2.4055700302124023,False,0.0,1
fusion,JAK3,C=CC(=O)Nc1cccc(Nc2nc(Nc3ccc(B(O)O)cc3)ncc2C(F)(F)F)c1,CHEMBL2148,IC50,9.522878646850586,7.145988464355469,2.376890182495117,False,0.0,1
fusion,JAK1,CN(c1ncnc2[nH]ccc12)[C@H]1CC[C@H](CS(=O)(=O)N2CCC[C@@H](OC(=O)C(C)(C)C)C2)CC1,CHEMBL2835,IC50,10.643974304199219,8.3035306930542,2.3404436111450195,False,0.0,1
fusion,JAK3,C=CC(=O)Nc1nc2cnc3[nH]ccc3c2n1C,CHEMBL2148,IC50,8.61092472076416,6.279699325561523,2.3312253952026367,False,0.12451532338594933,2
fusion,JAK2,N#CCCn1cc(-c2nc(Nc3ccc(NC(=O)CCCCCCC(=O)NO)cc3)nc3[nH]ccc23)cn1,CHEMBL2971,IC50,10.397939682006836,8.100536346435547,2.297403335571289,False,0.0,1
fusion,JAK1,C[C@@H]1CCN(S(=O)(=O)CC(F)(F)F)C[C@@H]1N(C)c1ncnc2[nH]ccc12,CHEMBL2835,IC50,5.555955410003662,7.837447643280029,2.281492233276367,False,0.0,1
fusion,JAK2,C[C@@H]1C[C@H]2[C@@H]3CCC4=CC(=O)C=C[C@]4(C)[C@@]3(F)[C@@H](O)C[C@]2(C)[C@@]1(O)C(=O)COC(=O)C[C@H](N)C(=O)OCc1ccc([C@@H](CN)C(=O)Nc2ccc3cnccc3c2)cc1,CHEMBL2971,IC50,4.657163143157959,6.933583736419678,2.2764205932617188,False,0.0,2
fusion,JAK3,CN1Cc2cc(F)ccc2OCCNC(=O)c2cnn3ccc1nc23,CHEMBL2148,Kd,6.92081880569458,9.168246269226074,2.247427463531494,False,0.0,2
fusion,JAK3,Cc1cc2cnc3[nH]ccc3c2n1[C@H]1CN(C(=O)CC#N)CC[C@H]1C,CHEMBL2148,IC50,9.769551277160645,7.532898426055908,2.2366528511047363,False,0.0,1
fusion,JAK2,Cc1c(B2OC(C)(C)C(C)(C)O2)cccc1-n1c(=O)cc2c(F)cccn2c1=O,CHEMBL2971,IC50,5.721246242523193,7.928412437438965,2.2071661949157715,False,0.0,1
fusion,JAK2,CN[C@@H]1CC2OC([C@@H]1OC)n1c3ccccc3c3c4c(c5c6ccccc6n2c5c31)C(=O)NC4,CHEMBL2971,IC50,9.48369026184082,7.280664920806885,2.2030253410339355,False,0.31685922837978636,2
fusion,JAK2,CN(c1ccc(C#N)c(F)c1)[C@@H]1CCN(c2ncnc3[nH]ccc23)C1,CHEMBL2971,IC50,7.31247091293335,9.515453338623047,2.2029824256896973,False,0.0,4
